<?xml version="1.0" encoding="UTF-8"?>
<DEFECTS>
  <DEFECT>
    <SFA>
      <FILEPATH>C:\Users\kiera\OneDrive\Documents\masters\assessments\ai\pacManProject\</FILEPATH>
      <FILENAME>Main.cpp</FILENAME>
      <LINE>91</LINE>
      <COLUMN>4</COLUMN>
    </SFA>
    <DEFECTCODE>6262</DEFECTCODE>
    <DESCRIPTION>Function uses '121400' bytes of stack:  exceeds /analyze:stacksize '16384'.  Consider moving some data to heap.</DESCRIPTION>
    <FUNCTION>main</FUNCTION>
    <DECORATED>main</DECORATED>
    <FUNCLINE>91</FUNCLINE>
    <PATH></PATH>
  </DEFECT>
  <DEFECT>
    <SFA>
      <FILEPATH>C:\Users\kiera\OneDrive\Documents\masters\assessments\SFML-2.5.1\include\SFML\Graphics\</FILEPATH>
      <FILENAME>VertexArray.hpp</FILENAME>
      <LINE>192</LINE>
      <COLUMN>0</COLUMN>
    </SFA>
    <DEFECTCODE>26812</DEFECTCODE>
    <DESCRIPTION>The enum type 'sf::PrimitiveType' is unscoped. Prefer 'enum class' over 'enum' (Enum.3).</DESCRIPTION>
    <FUNCTION>sf::VertexArray::{ctor}</FUNCTION>
    <DECORATED>??0VertexArray@sf@@QAE@ABV01@@Z</DECORATED>
    <FUNCLINE>192</FUNCLINE>
    <PATH></PATH>
  </DEFECT>
</DEFECTS>